Ticker,Company,Share/ Par,% TNA,Class of shares,CUSIP,Market value
"AGPXX","Invesco Government & Agency Portfolio","371,298,684.98","0.49%","Money Market Fund, Taxable","825252885","$371,298,684.98"
"NCLH","Norwegian Cruise Line Holdings Ltd","7,844,866.00","0.25%","Common Stock","G66721104","$190,394,897.82"
"CCL","Carnival Corp","5,743,282.00","0.24%","Common Stock","143658300","$184,933,680.40"
"MRNA","Moderna Inc","5,199,232.00","0.24%","Common Stock","60770K107","$181,453,196.80"
"RCL","Royal Caribbean Cruises Ltd","579,647.00","0.23%","Common Stock","V7780T103","$174,317,242.31"
"LULU","Lululemon Athletica Inc","804,415.00","0.22%","Common Stock","550021109","$170,833,613.55"
"CMG","Chipotle Mexican Grill Inc","4,447,046.00","0.22%","Common Stock","169656105","$168,631,984.32"
"NEM","Newmont Corp","1,598,862.00","0.22%","Common Stock","651639106","$167,688,646.56"
"GE","General Electric Co","532,161.00","0.22%","Common Stock","369604301","$167,487,031.53"
"TKO","TKO Group Holdings Inc","766,348.00","0.22%","Common Stock","87256C101","$165,140,330.52"
"ALB","Albemarle Corp","1,133,049.00","0.22%","Common Stock","012653101","$164,722,663.62"
"MAR","Marriott International Inc/MD","526,028.00","0.22%","Common Stock","571903202","$165,041,285"
"TPR","Tapestry Inc","1,282,008.00","0.22%","Common Stock","876030107","$165,340,571.76"
"BALL","Ball Corp","3,159,571.00","0.22%","Common Stock","058498106","$165,308,754.72"
"HII","Huntington Ingalls Industries Inc","467,078.00","0.22%","Common Stock","446413106","$165,121,414.56"
"DG","Dollar General Corp","1,198,894.00","0.22%","Common Stock","256677105","$164,871,902.88"
"BA","Boeing Co/The","759,580.00","0.22%","Common Stock","097023105","$164,707,327.20"
"FCX","Freeport-McMoRan Inc","3,249,394.00","0.22%","Common Stock","35671D857","$164,549,312.16"
"AIZ","Assurant Inc","676,992.00","0.21%","Common Stock","04621X108","$163,500,337.92"
"FSLR","First Solar Inc","575,545.00","0.21%","Common Stock","336433107","$163,794,351.55"
"IT","Gartner Inc","653,700.00","0.21%","Common Stock","366651107","$163,725,702"
"LLY","Eli Lilly & Co","151,886.00","0.21%","Common Stock","532457108","$163,502,241.28"
"MRK","Merck & Co Inc","1,546,082.00","0.21%","Common Stock","58933Y105","$161,905,707.04"
"TSLA","Tesla Inc","334,278.00","0.21%","Common Stock","88160R101","$163,371,686.94"
"HWM","Howmet Aerospace Inc","784,528.00","0.21%","Common Stock","443201108","$163,315,193.76"
"V","Visa Inc","463,353.00","0.21%","Common Stock","92826C839","$163,141,957.77"
"HLT","Hilton Worldwide Holdings Inc","556,506.00","0.21%","Common Stock","43300A203","$162,805,830.30"
"YUM","Yum! Brands Inc","1,048,932.00","0.21%","Common Stock","988498101","$162,867,671.64"
"LIN","Linde PLC","384,348.00","0.21%","Common Stock","G54950103","$162,775,221.48"
"UAL","United Airlines Holdings Inc","1,400,887.00","0.21%","Common Stock","910047109","$162,530,909.74"
"HIG","Hartford Insurance Group Inc/The","1,158,847.00","0.21%","Common Stock","416515104","$161,717,098.85"
"AJG","Arthur J Gallagher & Co","627,720.00","0.21%","Common Stock","363576109","$162,108,690"
"ABNB","Airbnb Inc","1,183,175.00","0.21%","Common Stock","009066101","$162,035,816.25"
"REGN","Regeneron Pharmaceuticals Inc","207,875.00","0.21%","Common Stock","75886F107","$162,009,460"
"AIG","American International Group Inc","1,861,495.00","0.21%","Common Stock","026874784","$160,889,012.85"
"MKC","McCormick & Co Inc/MD","2,346,975.00","0.21%","Common Stock","579780206","$161,753,517"
"MSCI","MSCI Inc","280,467.00","0.21%","Common Stock","55354G100","$161,728,490.88"
"MA","Mastercard Inc","280,118.00","0.21%","Common Stock","57636Q104","$161,263,932.60"
"TXT","Textron Inc","1,773,648.00","0.21%","Common Stock","883203101","$161,189,130.24"
"BMY","Bristol-Myers Squibb Co","2,947,395.00","0.21%","Common Stock","110122108","$161,104,610.70"
"PM","Philip Morris International Inc","1,007,744.00","0.21%","Common Stock","718172109","$160,936,716.80"
"DASH","DoorDash Inc","685,072.00","0.21%","Common Stock","25809K105","$160,916,562.08"
"EG","Everest Group Ltd","478,469.00","0.21%","Common Stock","G3223R108","$160,602,904.54"
"C","Citigroup Inc","1,358,633.00","0.21%","Common Stock","172967424","$160,440,970.97"
"RTX","RTX Corp","863,872.00","0.21%","Common Stock","75513E101","$160,403,752.96"
"SPGI","S&P Global Inc","307,184.00","0.21%","Common Stock","78409V104","$160,319,329.60"
"CPT","Camden Property Trust","1,463,580.00","0.21%","Real Estate Investment Trust","133131102","$158,827,701.60"
"MCO","Moody's Corp","314,457.00","0.21%","Common Stock","615369105","$160,263,010.05"
"CMCSA","Comcast Corp","5,472,577.00","0.21%","Common Stock","20030N101","$160,127,603.02"
"LUV","Southwest Airlines Co","3,789,440.00","0.21%","Common Stock","844741108","$160,065,945.60"
"NDAQ","Nasdaq Inc","1,642,012.00","0.21%","Common Stock","631103108","$160,030,489.52"
"PCG","PG&E Corp","10,008,870.00","0.21%","Common Stock","69331C108","$159,941,742.60"
"SCHW","Charles Schwab Corp/The","1,575,379.00","0.21%","Common Stock","808513105","$159,759,184.39"
"ACGL","Arch Capital Group Ltd","1,644,704.00","0.21%","Common Stock","G0450A105","$159,733,652.48"
"INCY","Incyte Corp","1,585,887.00","0.21%","Common Stock","45337C102","$159,714,679.77"
"DRI","Darden Restaurants Inc","842,588.00","0.21%","Common Stock","237194105","$159,468,204.88"
"GL","Globe Life Inc","1,118,728.00","0.21%","Common Stock","37959E102","$159,452,301.84"
"AXON","Axon Enterprise Inc","265,522.00","0.21%","Common Stock","05464C101","$159,363,649.18"
"EXPE","Expedia Group Inc","550,723.00","0.21%","Common Stock","30212P303","$159,318,656.67"
"WTW","Willis Towers Watson PLC","479,185.00","0.21%","Common Stock","G96629103","$159,281,094"
"BEN","Franklin Resources Inc","6,475,137.00","0.21%","Common Stock","354613101","$159,223,618.83"
"EIX","Edison International","2,625,409.00","0.21%","Common Stock","281020107","$159,178,547.67"
"WRB","W R Berkley Corp","2,233,092.00","0.21%","Common Stock","084423102","$156,807,720.24"
"L","Loews Corp","1,470,901.00","0.21%","Common Stock","540424108","$158,974,980.08"
"NOC","Northrop Grumman Corp","271,771.00","0.21%","Common Stock","666807102","$158,893,632.86"
"CB","Chubb Ltd","508,985.00","0.21%","Common Stock","H1467J104","$158,268,885.75"
"TRV","Travelers Cos Inc/The","542,229.00","0.21%","Common Stock","89417E109","$158,135,665.56"
"MNST","Monster Beverage Corp","2,043,543.00","0.21%","Common Stock","61174X109","$158,701,549.38"
"AMGN","Amgen Inc","478,606.00","0.21%","Common Stock","031162100","$158,605,242.34"
"WM","Waste Management Inc","721,707.00","0.21%","Common Stock","94106L109","$158,530,159.62"
"PPL","PPL Corp","4,538,004.00","0.21%","Common Stock","69351T106","$157,377,978.72"
"CI","Cigna Group/The","574,731.00","0.21%","Common Stock","125523100","$158,395,863.60"
"MU","Micron Technology Inc","572,305.00","0.21%","Common Stock","595112103","$158,293,839.95"
"ZTS","Zoetis Inc","1,278,305.00","0.21%","Common Stock","98978V103","$158,228,592.90"
"CBRE","CBRE Group Inc","963,467.00","0.21%","Common Stock","12504L109","$158,066,396.02"
"JPM","JPMorgan Chase & Co","489,163.00","0.21%","Common Stock","46625H100","$158,043,673.67"
"CHRW","CH Robinson Worldwide Inc","953,271.00","0.21%","Common Stock","12541W209","$157,280,182.29"
"ARE","Alexandria Real Estate Equities Inc","3,247,991.00","0.21%","Real Estate Investment Trust","015271109","$157,917,322.42"
"AON","Aon PLC","443,899.00","0.21%","Common Stock","G0403H108","$157,788,338.54"
"HST","Host Hotels & Resorts Inc","8,465,218.00","0.21%","Real Estate Investment Trust","44107P104","$157,707,011.34"
"LRCX","Lam Research Corp","897,020.00","0.21%","Common Stock","512807306","$157,211,725.20"
"VLTO","Veralto Corp","1,544,138.00","0.21%","Common Stock","92338C103","$157,517,517.38"
"APP","AppLovin Corp","214,672.00","0.21%","Common Stock","03831W108","$157,483,379.20"
"ISRG","Intuitive Surgical Inc","271,496.00","0.21%","Common Stock","46120E602","$157,421,525.68"
"FRT","Federal Realty Investment Trust","1,547,991.00","0.21%","Real Estate Investment Trust","313745101","$157,384,244.97"
"AKAM","Akamai Technologies Inc","1,745,867.00","0.21%","Common Stock","00971T101","$157,320,075.37"
"ADBE","Adobe Inc","439,903.00","0.21%","Common Stock","00724F101","$157,278,519.59"
"CRL","Charles River Laboratories International Inc","774,593.00","0.21%","Common Stock","159864107","$157,257,870.86"
"ECL","Ecolab Inc","586,264.00","0.21%","Common Stock","278865100","$156,755,268.32"
"LMT","Lockheed Martin Corp","322,579.00","0.21%","Common Stock","539830109","$155,989,527.03"
"ERIE","Erie Indemnity Co","548,855.00","0.21%","Common Stock","29530P102","$157,054,858.25"
"ROL","Rollins Inc","2,568,174.00","0.21%","Common Stock","775711104","$157,018,158.36"
"BSX","Boston Scientific Corp","1,628,154.00","0.21%","Common Stock","101137107","$157,002,890.22"
"ALL","Allstate Corp/The","750,227.00","0.21%","Common Stock","020002101","$156,257,279.56"
"BAX","Baxter International Inc","8,265,863.00","0.21%","Common Stock","071813109","$156,886,079.74"
"SPG","Simon Property Group Inc","830,934.00","0.21%","Real Estate Investment Trust","828806109","$155,102,140.44"
"WFC","Wells Fargo & Co","1,664,231.00","0.21%","Common Stock","949746101","$156,903,698.68"
"GWW","WW Grainger Inc","151,591.00","0.21%","Common Stock","384802104","$156,876,978.17"
"JCI","Johnson Controls International plc","1,303,327.00","0.21%","Common Stock","G51502105","$156,347,106.92"
"DIS","Walt Disney Co/The","1,386,932.00","0.21%","Common Stock","254687106","$155,863,418.16"
"OMC","Omnicom Group Inc","1,949,529.00","0.21%","Common Stock","681919106","$155,260,489.56"
"REG","Regency Centers Corp","2,246,091.00","0.21%","Real Estate Investment Trust","758849103","$155,227,349.01"
"BAC","Bank of America Corp","2,790,980.00","0.21%","Common Stock","060505104","$155,959,962.40"
"COO","Cooper Cos Inc/The","1,869,358.00","0.21%","Common Stock","216648501","$156,726,974.72"
"COF","Capital One Financial Corp","634,844.00","0.20%","Common Stock","14040H105","$156,660,453.88"
"GIS","General Mills Inc","3,302,039.00","0.20%","Common Stock","370334104","$156,516,648.60"
"BRO","Brown & Brown Inc","1,947,258.00","0.20%","Common Stock","115236101","$156,501,125.46"
"MAA","Mid-America Apartment Communities Inc","1,144,336.00","0.20%","Real Estate Investment Trust","59522J103","$156,407,844.48"
"FDX","FedEx Corp","530,828.00","0.20%","Common Stock","31428X106","$155,415,821.84"
"CAH","Cardinal Health Inc","761,540.00","0.20%","Common Stock","14149Y108","$156,268,008"
"VTRS","Viatris Inc","13,011,507.00","0.20%","Common Stock","92556V106","$156,268,199.07"
"HSY","Hershey Co/The","838,293.00","0.20%","Common Stock","427866108","$156,241,049.34"
"VRTX","Vertex Pharmaceuticals Inc","339,414.00","0.20%","Common Stock","92532F100","$156,235,658.34"
"SNDK","Sandisk Corp/DE","648,124.00","0.20%","Common Stock","80004C200","$156,230,290.20"
"AVB","AvalonBay Communities Inc","855,912.00","0.20%","Real Estate Investment Trust","053484101","$156,221,058.24"
"CTAS","Cintas Corp","813,461.00","0.20%","Common Stock","172908105","$156,176,377.39"
"APD","Air Products and Chemicals Inc","637,668.00","0.20%","Common Stock","009158106","$156,088,373.04"
"KEY","KeyCorp","7,355,462.00","0.20%","Common Stock","493267108","$156,009,349.02"
"NDSN","Nordson Corp","638,723.00","0.20%","Common Stock","655663102","$155,439,629.28"
"PEG","Public Service Enterprise Group Inc","1,918,088.00","0.20%","Common Stock","744573106","$154,828,063.36"
"ED","Consolidated Edison Inc","1,582,004.00","0.20%","Common Stock","209115104","$155,938,134.28"
"CNC","Centene Corp","3,903,103.00","0.20%","Common Stock","15135B101","$155,928,964.85"
"INVH","Invitation Homes Inc","5,699,890.00","0.20%","Real Estate Investment Trust","46187W107","$155,834,992.60"
"PLTR","Palantir Technologies Inc","803,170.00","0.20%","Common Stock","69608A108","$155,798,916.60"
"EQIX","Equinix Inc","205,550.00","0.20%","Real Estate Investment Trust","29444U700","$155,790,456"
"LHX","L3Harris Technologies Inc","527,910.00","0.20%","Common Stock","502431109","$155,786,241"
"CINF","Cincinnati Financial Corp","928,107.00","0.20%","Common Stock","172062101","$154,956,744.72"
"EW","Edwards Lifesciences Corp","1,798,544.00","0.20%","Common Stock","28176E108","$155,628,012.32"
"FISV","Fiserv Inc","2,267,293.00","0.20%","Common Stock","337738108","$155,581,645.66"
"CME","CME Group Inc","566,775.00","0.20%","Common Stock","12572Q105","$154,842,930"
"CTVA","Corteva Inc","2,318,526.00","0.20%","Common Stock","22052L104","$155,549,909.34"
"DAL","Delta Air Lines Inc","2,158,379.00","0.20%","Common Stock","247361702","$155,532,790.74"
"GILD","Gilead Sciences Inc","1,243,869.00","0.20%","Common Stock","375558103","$154,438,775.04"
"WST","West Pharmaceutical Services Inc","565,434.00","0.20%","Common Stock","955306105","$155,432,152.26"
"WY","Weyerhaeuser Co","6,553,863.00","0.20%","Real Estate Investment Trust","962166104","$155,392,091.73"
"VRSK","Verisk Analytics Inc","703,736.00","0.20%","Common Stock","92345Y106","$155,131,563.84"
"XYZ","Block Inc","2,384,796.00","0.20%","Common Stock","852234103","$155,369,459.40"
"PPG","PPG Industries Inc","1,502,777.00","0.20%","Common Stock","693506107","$155,342,058.49"
"HBAN","Huntington Bancshares Inc/OH","8,595,298.00","0.20%","Common Stock","446150104","$154,027,740.16"
"PNC","PNC Financial Services Group Inc/The","729,213.00","0.20%","Common Stock","693475105","$155,249,447.70"
"WAB","Westinghouse Air Brake Technologies Corp","700,118.00","0.20%","Common Stock","929740108","$155,223,161.78"
"AME","AMETEK Inc","752,215.00","0.20%","Common Stock","031100100","$155,129,299.45"
"SBUX","Starbucks Corp","1,800,050.00","0.20%","Common Stock","855244109","$155,110,308.50"
"GM","General Motors Co","1,867,966.00","0.20%","Common Stock","37045V100","$155,097,216.98"
"RL","Ralph Lauren Corp","421,932.00","0.20%","Common Stock","751212101","$154,975,623.60"
"EQR","Equity Residential","2,487,739.00","0.20%","Real Estate Investment Trust","29476L107","$154,961,262.31"
"AFL","Aflac Inc","1,408,097.00","0.20%","Common Stock","001055102","$154,961,074.85"
"STLD","Steel Dynamics Inc","881,414.00","0.20%","Common Stock","858119100","$154,917,324.64"
"RSG","Republic Services Inc","727,134.00","0.20%","Common Stock","760759100","$154,821,371.28"
"NTRS","Northern Trust Corp","1,097,069.00","0.20%","Common Stock","665859104","$153,874,897.94"
"RF","Regions Financial Corp","5,512,555.00","0.20%","Common Stock","7591EP100","$153,359,280.10"
"DPZ","Domino's Pizza Inc","360,352.00","0.20%","Common Stock","25754A201","$154,191,017.28"
"MMC","Marsh & McLennan Cos Inc","834,251.00","0.20%","Common Stock","571748102","$154,761,903.01"
"UDR","UDR Inc","4,285,410.00","0.20%","Real Estate Investment Trust","902653104","$154,746,155.10"
"PKG","Packaging Corp of America","744,917.00","0.20%","Common Stock","695156109","$153,862,606.35"
"BKNG","Booking Holdings Inc","28,569.00","0.20%","Common Stock","09857L108","$154,472,297.31"
"SW","Smurfit WestRock PLC","4,060,617.00","0.20%","Common Stock","G8267P108","$154,668,901.53"
"EFX","Equifax Inc","701,423.00","0.20%","Common Stock","294429105","$154,635,714.58"
"USB","US Bancorp","2,818,040.00","0.20%","Common Stock","902973304","$154,625,854.80"
"CFG","Citizens Financial Group Inc","2,581,834.00","0.20%","Common Stock","174610105","$154,600,219.92"
"AEE","Ameren Corp","1,543,821.00","0.20%","Common Stock","023608102","$153,548,436.66"
"IFF","International Flavors & Fragrances Inc","2,308,213.00","0.20%","Common Stock","459506101","$153,657,739.41"
"MOS","Mosaic Co/The","6,355,170.00","0.20%","Common Stock","61945C103","$154,557,734.40"
"CTSH","Cognizant Technology Solutions Corp","1,813,718.00","0.20%","Common Stock","192446102","$154,546,910.78"
"TROW","T Rowe Price Group Inc","1,457,485.00","0.20%","Common Stock","74144T108","$152,744,428"
"ON","ON Semiconductor Corp","2,739,277.00","0.20%","Common Stock","682189105","$154,413,044.49"
"AWK","American Water Works Co Inc","1,172,573.00","0.20%","Common Stock","030420103","$154,392,686.91"
"HSIC","Henry Schein Inc","1,989,097.00","0.20%","Common Stock","806407102","$154,314,145.26"
"AVY","Avery Dennison Corp","852,228.00","0.20%","Common Stock","053611109","$154,278,834.84"
"ESS","Essex Property Trust Inc","591,425.00","0.20%","Real Estate Investment Trust","297178105","$154,267,297"
"KLAC","KLA Corp","121,842.00","0.20%","Common Stock","482480100","$154,210,545.72"
"ABT","Abbott Laboratories","1,231,669.00","0.20%","Common Stock","002824100","$154,204,958.80"
"WSM","Williams-Sonoma Inc","806,658.00","0.20%","Common Stock","969904101","$154,144,277.22"
"LYV","Live Nation Entertainment Inc","1,087,240.00","0.20%","Common Stock","538034109","$154,116,270"
"ULTA","Ulta Beauty Inc","251,334.00","0.20%","Common Stock","90384S303","$154,055,175.30"
"PG","Procter & Gamble Co/The","1,079,440.00","0.20%","Common Stock","742718109","$154,025,293.60"
"PGR","Progressive Corp/The","677,449.00","0.20%","Common Stock","743315103","$154,024,804.64"
"TYL","Tyler Technologies Inc","331,210.00","0.20%","Common Stock","902252105","$154,002,713.70"
"HON","Honeywell International Inc","785,880.00","0.20%","Common Stock","438516106","$154,001,044.80"
"TFC","Truist Financial Corp","3,045,463.00","0.20%","Common Stock","89832Q109","$153,978,609.28"
"DUK","Duke Energy Corp","1,323,964.00","0.20%","Common Stock","26441C204","$153,977,013.20"
"FAST","Fastenal Co","3,687,645.00","0.20%","Common Stock","311900104","$153,959,178.75"
"MOH","Molina Healthcare Inc","940,286.00","0.20%","Common Stock","60855R100","$153,906,012.48"
"SO","Southern Co/The","1,795,111.00","0.20%","Common Stock","842587107","$153,876,914.92"
"DOV","Dover Corp","771,218.00","0.20%","Common Stock","260003108","$153,865,703.18"
"BRK/B","Berkshire Hathaway Inc","307,743.00","0.20%","Common Stock","084670702","$153,856,112.85"
"PTC","PTC Inc","859,235.00","0.20%","Common Stock","69370C100","$153,854,619.10"
"WYNN","Wynn Resorts Ltd","1,221,174.00","0.20%","Common Stock","983134107","$153,843,500.52"
"INTU","Intuit Inc","227,828.00","0.20%","Common Stock","461202103","$153,830,604.74"
"MET","MetLife Inc","1,890,970.00","0.20%","Common Stock","59156R108","$153,830,409.50"
"EXR","Extra Space Storage Inc","1,163,057.00","0.20%","Real Estate Investment Trust","30225T102","$152,081,333.32"
"VTR","Ventas Inc","1,941,730.00","0.20%","Real Estate Investment Trust","92276F100","$153,746,181.40"
"MCD","McDonald's Corp","486,103.00","0.20%","Common Stock","580135101","$153,715,490.66"
"MTB","M&T Bank Corp","737,686.00","0.20%","Common Stock","55261F104","$152,568,218.52"
"META","Meta Platforms Inc","232,152.00","0.20%","Common Stock","30303M102","$153,568,548"
"TPL","Texas Pacific Land Corp","169,152.00","0.20%","Common Stock","88262P102","$153,657,676.80"
"PAYX","Paychex Inc","1,337,140.00","0.20%","Common Stock","704326107","$153,610,643.20"
"CF","CF Industries Holdings Inc","1,983,590.00","0.20%","Common Stock","125269100","$153,589,373.70"
"FTV","Fortive Corp","2,754,318.00","0.20%","Common Stock","34959J108","$153,360,426.24"
"KR","Kroger Co/The","2,464,632.00","0.20%","Common Stock","501044101","$153,521,927.28"
"UHS","Universal Health Services Inc","677,327.00","0.20%","Common Stock","913903100","$153,509,391.28"
"IEX","IDEX Corp","855,085.00","0.20%","Common Stock","45167R104","$153,504,859.20"
"VICI","VICI Properties Inc","5,437,103.00","0.20%","Real Estate Investment Trust","925652109","$151,477,689.58"
"TSN","Tyson Foods Inc","2,617,190.00","0.20%","Common Stock","902494103","$153,472,021.60"
"EBAY","eBay Inc","1,826,589.00","0.20%","Common Stock","278642103","$153,433,476"
"CL","Colgate-Palmolive Co","1,940,979.00","0.20%","Common Stock","194162103","$153,414,980.16"
"GS","Goldman Sachs Group Inc/The","169,774.00","0.20%","Common Stock","38141G104","$152,626,826"
"HRL","Hormel Foods Corp","6,357,855.00","0.20%","Common Stock","440452100","$153,351,462.60"
"MLM","Martin Marietta Materials Inc","242,133.00","0.20%","Common Stock","573284106","$153,151,543.83"
"VRSN","VeriSign Inc","622,861.00","0.20%","Common Stock","92343E102","$153,323,463.76"
"ROP","Roper Technologies Inc","341,231.00","0.20%","Common Stock","776696106","$153,298,026.75"
"SYF","Synchrony Financial","1,785,102.00","0.20%","Common Stock","87165B103","$153,251,006.70"
"IVZ","Invesco Ltd","5,604,711.00","0.20%","Common Stock","G491BT108","$153,232,798.74"
"STT","State Street Corp","1,170,749.00","0.20%","Common Stock","857477103","$153,215,921.63"
"GPN","Global Payments Inc","1,878,694.00","0.20%","Common Stock","37940X102","$152,719,035.26"
"AMCR","Amcor PLC","18,406,649.00","0.20%","Common Stock","G0250X107","$153,143,319.68"
"AXP","American Express Co","401,912.00","0.20%","Common Stock","025816109","$153,068,185.20"
"FITB","Fifth Third Bancorp","3,174,234.00","0.20%","Common Stock","316773100","$153,061,563.48"
"SYY","Sysco Corp","2,051,622.00","0.20%","Common Stock","871829107","$153,009,968.76"
"MSFT","Microsoft Corp","315,399.00","0.20%","Common Stock","594918104","$152,943,283.08"
"PNW","Pinnacle West Capital Corp","1,743,844.00","0.20%","Common Stock","723484101","$152,917,680.36"
"CPB","Campbell's Company/The","5,356,059.00","0.20%","Common Stock","134429109","$152,915,484.45"
"MAS","Masco Corp","2,379,140.00","0.20%","Common Stock","574599106","$152,883,536.40"
"EL","Estee Lauder Cos Inc/The","1,406,912.00","0.20%","Common Stock","518439104","$152,860,988.80"
"DD","DuPont de Nemours Inc","3,684,936.00","0.20%","Common Stock","26614N102","$152,851,145.28"
"ODFL","Old Dominion Freight Line Inc","959,352.00","0.20%","Common Stock","679580100","$152,824,773.60"
"ABBV","AbbVie Inc","670,297.00","0.20%","Common Stock","00287Y109","$152,767,389.27"
"DECK","Deckers Outdoor Corp","1,498,736.00","0.20%","Common Stock","243537107","$152,736,185.76"
"WEC","WEC Energy Group Inc","1,456,075.00","0.20%","Common Stock","92939U106","$152,698,585.25"
"SNPS","Synopsys Inc","317,214.00","0.20%","Common Stock","871607107","$152,656,065.36"
"KMI","Kinder Morgan Inc","5,676,357.00","0.20%","Common Stock","49456B101","$152,637,239.73"
"CBOE","Cboe Global Markets Inc","606,073.00","0.20%","Common Stock","12503M108","$152,627,363.59"
"CHD","Church & Dwight Co Inc","1,811,752.00","0.20%","Common Stock","171340102","$152,621,988.48"
"EXPD","Expeditors International of Washington Inc","997,310.00","0.20%","Common Stock","302130109","$152,608,376.20"
"UPS","United Parcel Service Inc","1,514,761.00","0.20%","Common Stock","911312106","$152,581,875.53"
"TTWO","Take-Two Interactive Software Inc","613,466.00","0.20%","Common Stock","874054109","$152,495,378.28"
"FIS","Fidelity National Information Services Inc","2,266,268.00","0.20%","Common Stock","31620M106","$151,590,666.52"
"PAYC","Paycom Software Inc","921,401.00","0.20%","Common Stock","70432V102","$152,418,153.42"
"BR","Broadridge Financial Solutions Inc","665,172.00","0.20%","Common Stock","11133T103","$151,805,553.84"
"FDS","FactSet Research Systems Inc","523,758.00","0.20%","Common Stock","303075105","$152,382,152.52"
"ELV","Elevance Health Inc","442,607.00","0.20%","Common Stock","036752103","$152,376,311.89"
"ICE","Intercontinental Exchange Inc","941,109.00","0.20%","Common Stock","45866F104","$151,942,048.05"
"MGM","MGM Resorts International","4,057,333.00","0.20%","Common Stock","552953101","$152,352,854.15"
"FFIV","F5 Inc","584,828.00","0.20%","Common Stock","315616102","$152,289,211.20"
"HCA","HCA Healthcare Inc","322,034.00","0.20%","Common Stock","40412C101","$152,009,709.02"
"GD","General Dynamics Corp","441,063.00","0.20%","Common Stock","369550108","$152,250,536.97"
"BLK","Blackrock Inc","139,269.00","0.20%","Common Stock","09290D101","$151,553,918.49"
"CRH","CRH PLC","1,206,101.00","0.20%","Common Stock","G25508105","$152,234,068.22"
"CNP","CenterPoint Energy Inc","4,027,048.00","0.20%","Common Stock","15189T107","$152,222,414.40"
"PCAR","PACCAR Inc","1,330,049.00","0.20%","Common Stock","693718108","$150,042,827.69"
"MSI","Motorola Solutions Inc","407,175.00","0.20%","Common Stock","620076307","$151,754,122.50"
"CPAY","Corpay Inc","484,476.00","0.20%","Common Stock","219948106","$152,110,929.72"
"MDLZ","Mondelez International Inc","2,800,732.00","0.20%","Common Stock","609207105","$152,107,754.92"
"SYK","Stryker Corp","426,597.00","0.20%","Common Stock","863667101","$152,090,362.44"
"SBAC","SBA Communications Corp","797,710.00","0.20%","Real Estate Investment Trust","78410G104","$152,067,457.30"
"XYL","Xylem Inc/NY","1,090,075.00","0.20%","Common Stock","98419M100","$151,640,333.25"
"MCK","McKesson Corp","185,598.00","0.20%","Common Stock","58155Q103","$151,893,403.20"
"JBHT","JB Hunt Transport Services Inc","761,849.00","0.20%","Common Stock","445658107","$152,049,823.42"
"ADP","Automatic Data Processing Inc","581,978.00","0.20%","Common Stock","053015103","$151,162,965.72"
"GEN","Gen Digital Inc","5,482,546.00","0.20%","Common Stock","668771108","$151,976,175.12"
"LVS","Las Vegas Sands Corp","2,270,714.00","0.20%","Common Stock","517834107","$151,933,473.74"
"IQV","IQVIA Holdings Inc","677,113.00","0.20%","Common Stock","46266C105","$151,923,843.81"
"KHC","Kraft Heinz Co/The","6,198,575.00","0.20%","Common Stock","500754106","$149,695,586.25"
"EXC","Exelon Corp","3,487,402.00","0.20%","Common Stock","30161N101","$151,876,357.10"
"HUBB","Hubbell Inc","336,725.00","0.20%","Common Stock","443510607","$151,873,076.75"
"TGT","Target Corp","1,595,133.00","0.20%","Common Stock","87612E106","$151,856,661.60"
"ALLE","Allegion plc","941,580.00","0.20%","Common Stock","G0176J109","$151,377,816.60"
"TJX","TJX Cos Inc/The","969,551.00","0.20%","Common Stock","872540109","$151,812,295.58"
"JKHY","Jack Henry & Associates Inc","816,197.00","0.20%","Common Stock","426281101","$151,265,790.01"
"NFLX","Netflix Inc","1,627,978.00","0.20%","Common Stock","64110L106","$151,776,388.94"
"SNA","Snap-on Inc","433,154.00","0.20%","Common Stock","833034101","$151,616,894.62"
"MTD","Mettler-Toledo International Inc","107,331.00","0.20%","Common Stock","592688105","$151,595,377.71"
"CPRT","Copart Inc","3,851,393.00","0.20%","Common Stock","217204106","$151,590,828.48"
"AES","AES Corp/The","10,937,199.00","0.20%","Common Stock","00130H105","$151,589,578.14"
"IP","International Paper Co","3,858,187.00","0.20%","Common Stock","460146103","$151,588,167.23"
"TMO","Thermo Fisher Scientific Inc","263,006.00","0.20%","Common Stock","883556102","$151,412,554.20"
"AEP","American Electric Power Co Inc","1,322,103.00","0.20%","Common Stock","025537101","$151,539,445.86"
"HUM","Humana Inc","588,074.00","0.20%","Common Stock","444859102","$151,534,908.32"
"TDY","Teledyne Technologies Inc","292,450.00","0.20%","Common Stock","879360105","$151,530,043"
"F","Ford Motor Co","11,255,299.00","0.20%","Common Stock","345370860","$151,496,324.54"
"JNJ","Johnson & Johnson","730,736.00","0.20%","Common Stock","478160104","$151,496,187.52"
"URI","United Rentals Inc","185,486.00","0.20%","Common Stock","911363109","$151,491,980.78"
"LNT","Alliant Energy Corp","2,328,814.00","0.20%","Common Stock","018802108","$151,442,774.42"
"ATO","Atmos Energy Corp","904,896.00","0.20%","Common Stock","049560105","$151,425,296.64"
"CRM","Salesforce Inc","571,240.00","0.20%","Common Stock","79466L302","$151,167,241.20"
"J","Jacobs Solutions Inc","1,115,907.00","0.20%","Common Stock","46982L108","$151,406,261.76"
"NI","NiSource Inc","3,651,966.00","0.20%","Common Stock","65473P105","$151,373,990.70"
"AOS","A O Smith Corp","2,222,209.00","0.20%","Common Stock","831865209","$151,354,654.99"
"UNP","Union Pacific Corp","641,063.00","0.20%","Common Stock","907818108","$150,399,790.43"
"EA","Electronic Arts Inc","741,649.00","0.20%","Common Stock","285512109","$151,140,649.71"
"TMUS","T-Mobile US Inc","772,723.00","0.20%","Common Stock","872590104","$151,268,254.48"
"FTNT","Fortinet Inc","1,849,715.00","0.20%","Common Stock","34959E109","$151,195,704.10"
"IR","Ingersoll Rand Inc","1,863,801.00","0.20%","Common Stock","45687V106","$151,191,537.12"
"VZ","Verizon Communications Inc","3,780,871.00","0.20%","Common Stock","92343V104","$151,159,222.58"
"ADSK","Autodesk Inc","502,929.00","0.20%","Common Stock","052769106","$151,115,076.63"
"HOLX","Hologic Inc","2,016,974.00","0.20%","Common Stock","436440101","$151,091,522.34"
"IDXX","IDEXX Laboratories Inc","215,116.00","0.20%","Common Stock","45168D104","$151,037,245.92"
"PRU","Prudential Financial Inc","1,315,170.00","0.20%","Common Stock","744320102","$151,034,122.80"
"FE","FirstEnergy Corp","3,399,403.00","0.20%","Common Stock","337932107","$151,001,481.26"
"DAY","Dayforce Inc","2,182,680.00","0.20%","Common Stock","15677J108","$150,997,802.40"
"MS","Morgan Stanley","839,931.00","0.20%","Common Stock","617446448","$150,985,996.56"
"PNR","Pentair PLC","1,434,012.00","0.20%","Common Stock","G7S00T104","$150,958,443.24"
"O","Realty Income Corp","2,663,395.00","0.20%","Real Estate Investment Trust","756109104","$150,934,594.65"
"KO","Coca-Cola Co/The","2,149,745.00","0.20%","Common Stock","191216100","$150,933,596.45"
"DE","Deere & Co","321,917.00","0.20%","Common Stock","244199105","$150,905,032.09"
"NUE","Nucor Corp","918,538.00","0.20%","Common Stock","670346105","$150,879,051.88"
"NVDA","NVIDIA Corp","821,275.00","0.20%","Common Stock","67066G104","$150,860,004.75"
"EPAM","EPAM Systems Inc","712,921.00","0.20%","Common Stock","29414B104","$150,846,954.39"
"JBL","Jabil Inc","656,294.00","0.20%","Common Stock","466313103","$150,803,235.32"
"TDG","TransDigm Group Inc","115,840.00","0.20%","Common Stock","893641100","$150,799,353.60"
"APO","Apollo Global Management Inc","1,012,422.00","0.20%","Common Stock","03769M106","$150,739,511.58"
"MO","Altria Group Inc","2,571,685.00","0.20%","Common Stock","02209S103","$150,726,457.85"
"KIM","Kimco Realty Corp","7,524,168.00","0.20%","Real Estate Investment Trust","49446R109","$150,709,085.04"
"AZO","AutoZone Inc","44,133.00","0.20%","Common Stock","053332102","$150,661,676.73"
"DXCM","Dexcom Inc","2,234,086.00","0.20%","Common Stock","252131107","$150,644,418.98"
"COR","Cencora Inc","442,932.00","0.20%","Common Stock","03073E105","$150,610,167.96"
"AMP","Ameriprise Financial Inc","303,503.00","0.20%","Common Stock","03076C106","$150,513,207.76"
"WMT","Walmart Inc","1,333,586.00","0.20%","Common Stock","931142103","$150,161,783.60"
"BDX","Becton Dickinson & Co","760,809.00","0.20%","Common Stock","075887109","$149,681,562.66"
"PH","Parker-Hannifin Corp","169,772.00","0.20%","Common Stock","701094104","$150,497,784.84"
"SRE","Sempra","1,694,592.00","0.20%","Common Stock","816851109","$149,276,609.28"
"CMS","CMS Energy Corp","2,155,905.00","0.20%","Common Stock","125896100","$150,417,491.85"
"NXPI","NXP Semiconductors NV","653,984.00","0.20%","Common Stock","N6596X109","$149,723,096.96"
"ROST","Ross Stores Inc","830,155.00","0.20%","Common Stock","778296103","$149,992,405.40"
"T","AT&T Inc","6,188,379.00","0.20%","Common Stock","00206R102","$150,377,609.70"
"CARR","Carrier Global Corp","2,826,509.00","0.20%","Common Stock","14448C104","$150,370,278.80"
"DTE","DTE Energy Co","1,161,083.00","0.20%","Common Stock","233331107","$148,978,559.73"
"TRGP","Targa Resources Corp","822,622.00","0.20%","Common Stock","87612G101","$150,260,134.52"
"BX","Blackstone Inc","963,776.00","0.20%","Common Stock","09260D107","$150,185,214.08"
"FICO","Fair Isaac Corp","86,162.00","0.20%","Common Stock","303250104","$150,148,486.06"
"SJM","J M Smucker Co/The","1,514,151.00","0.20%","Common Stock","832696405","$150,128,071.65"
"RJF","Raymond James Financial Inc","904,135.00","0.20%","Common Stock","754730109","$150,086,410"
"ACN","Accenture PLC","554,476.00","0.20%","Common Stock","G1151C101","$150,080,018.92"
"ADM","Archer-Daniels-Midland Co","2,592,956.00","0.20%","Common Stock","039483102","$150,002,504.60"
"TRMB","Trimble Inc","1,830,366.00","0.20%","Common Stock","896239100","$149,998,493.70"
"GEHC","GE HealthCare Technologies Inc","1,786,798.00","0.20%","Common Stock","36266G107","$149,983,824.12"
"TAP","Molson Coors Beverage Co","3,221,686.00","0.20%","Common Stock","60871R209","$149,969,483.30"
"OTIS","Otis Worldwide Corp","1,718,078.00","0.20%","Common Stock","68902V107","$149,885,124.72"
"HAS","Hasbro Inc","1,837,070.00","0.20%","Common Stock","418056107","$149,831,429.20"
"PLD","Prologis Inc","1,163,597.00","0.20%","Real Estate Investment Trust","74340W103","$148,463,341.23"
"SHW","Sherwin-Williams Co/The","462,584.00","0.20%","Common Stock","824348106","$149,803,202.56"
"ITW","Illinois Tool Works Inc","595,356.00","0.20%","Common Stock","452308109","$149,773,708.92"
"CVS","CVS Health Corp","1,911,266.00","0.20%","Common Stock","126650100","$149,766,803.76"
"PEP","PepsiCo Inc","1,008,217.00","0.20%","Common Stock","713448108","$148,258,309.85"
"SWK","Stanley Black & Decker Inc","1,989,623.00","0.20%","Common Stock","854502101","$149,699,234.52"
"EME","EMCOR Group Inc","240,735.00","0.20%","Common Stock","29084Q100","$149,698,652.40"
"NSC","Norfolk Southern Corp","512,941.00","0.20%","Common Stock","655844108","$149,573,595.60"
"BK","Bank of New York Mellon Corp/The","1,274,948.00","0.20%","Common Stock","064058100","$149,500,402.48"
"LDOS","Leidos Holdings Inc","801,577.00","0.20%","Common Stock","525327102","$149,125,385.08"
"UNH","UnitedHealth Group Inc","459,617.00","0.20%","Common Stock","91324P102","$149,449,063.72"
"CMI","Cummins Inc","287,793.00","0.20%","Common Stock","231021106","$149,445,149.04"
"CAG","Conagra Brands Inc","8,654,501.00","0.20%","Common Stock","205887102","$149,376,687.26"
"XEL","Xcel Energy Inc","2,022,667.00","0.20%","Common Stock","98389B100","$149,373,957.95"
"DHR","Danaher Corp","655,009.00","0.20%","Common Stock","235851102","$149,348,602.09"
"CVX","Chevron Corp","996,913.38","0.20%","Common Stock","166764100","$149,337,623.58"
"PFG","Principal Financial Group Inc","1,672,741.00","0.20%","Common Stock","74251V102","$149,275,406.84"
"XOM","Exxon Mobil Corp","1,262,656.00","0.20%","Common Stock","30231G102","$149,182,806.40"
"CEG","Constellation Energy Corp","416,824.00","0.20%","Common Stock","21037T109","$149,143,795.44"
"ES","Eversource Energy","2,231,767.00","0.20%","Common Stock","30040W108","$147,385,892.68"
"PODD","Insulet Corp","511,320.00","0.20%","Common Stock","45784P101","$149,085,572.40"
"ANET","Arista Networks Inc","1,140,347.00","0.20%","Common Stock","040413205","$149,077,563.31"
"BXP","BXP Inc","2,145,760.00","0.19%","Real Estate Investment Trust","101121101","$149,023,032"
"PSA","Public Storage","564,036.00","0.19%","Real Estate Investment Trust","74460D109","$147,444,650.76"
"OKE","ONEOK Inc","2,045,765.00","0.19%","Common Stock","682680103","$148,972,607.30"
"IBKR","Interactive Brokers Group Inc","2,263,882.00","0.19%","Common Stock","45841N107","$148,952,116.19"
"HD","Home Depot Inc/The","429,851.00","0.19%","Common Stock","437076102","$148,896,087.89"
"SOLV","Solventum Corp","1,842,919.00","0.19%","Common Stock","83444M101","$148,870,996.82"
"DLTR","Dollar Tree Inc","1,214,865.00","0.19%","Common Stock","256746108","$148,808,813.85"
"ETR","Entergy Corp","1,617,248.00","0.19%","Common Stock","29364G103","$148,770,643.52"
"STE","STERIS PLC","583,106.00","0.19%","Common Stock","G8473T100","$148,767,833.78"
"D","Dominion Energy Inc","2,599,675.00","0.19%","Common Stock","25746U109","$148,753,403.50"
"AMZN","Amazon.com Inc","651,153.00","0.19%","Common Stock","023135106","$148,742,879.79"
"EVRG","Evergy Inc","2,053,302.00","0.19%","Common Stock","30034W106","$148,720,663.86"
"EMR","Emerson Electric Co","1,101,647.00","0.19%","Common Stock","291011104","$148,711,328.53"
"CSX","CSX Corp","4,069,402.00","0.19%","Common Stock","126408103","$148,695,949.08"
"NEE","NextEra Energy Inc","1,857,248.00","0.19%","Common Stock","65339F101","$148,654,129.92"
"TXN","Texas Instruments Inc","830,842.00","0.19%","Common Stock","882508104","$148,571,166.44"
"BIIB","Biogen Inc","850,061.00","0.19%","Common Stock","09062X103","$148,505,656.70"
"LWEH6","E-mini S&P 500 Equal Weight Futures","940.00","0.19%","Index Future","LWEH6","$148,454,200"
"HPE","Hewlett Packard Enterprise Co","5,975,188.00","0.19%","Common Stock","42824C109","$147,587,143.60"
"VMC","Vulcan Materials Co","508,589.00","0.19%","Common Stock","929160109","$148,446,957.32"
"LOW","Lowe's Cos Inc","613,016.00","0.19%","Common Stock","548661107","$148,392,783.12"
"NVR","NVR Inc","20,055.00","0.19%","Common Stock","62944T105","$148,348,238.85"
"APTV","Aptiv PLC","1,921,516.00","0.19%","Common Stock","G3265R107","$148,341,035.20"
"GDDY","GoDaddy Inc","1,176,423.00","0.19%","Common Stock","380237107","$148,323,411.84"
"GRMN","Garmin Ltd","717,817.00","0.19%","Common Stock","H2906T109","$147,726,738.60"
"DGX","Quest Diagnostics Inc","840,869.00","0.19%","Common Stock","74834L100","$148,278,839.46"
"WMB","Williams Cos Inc/The","2,494,750.00","0.19%","Common Stock","969457100","$146,990,670"
"KVUE","Kenvue Inc","8,714,407.00","0.19%","Common Stock","49177J102","$148,232,063.07"
"PANW","Palo Alto Networks Inc","782,203.00","0.19%","Common Stock","697435105","$148,219,646.47"
"DVA","DaVita Inc","1,271,715.00","0.19%","Common Stock","23918K108","$148,167,514.65"
"BG","Bunge Global SA","1,649,572.00","0.19%","Common Stock","H11356104","$148,115,069.88"
"CSGP","CoStar Group Inc","2,223,851.00","0.19%","Common Stock","22160N109","$148,108,476.60"
"RMD","ResMed Inc","600,175.00","0.19%","Common Stock","761152107","$148,045,167.25"
"ORLY","O'Reilly Automotive Inc","1,612,051.00","0.19%","Common Stock","67103H107","$147,905,679.25"
"VST","Vistra Corp","913,853.00","0.19%","Common Stock","92840M102","$147,651,229.21"
"ADI","Analog Devices Inc","536,009.00","0.19%","Common Stock","032654105","$147,842,002.38"
"LII","Lennox International Inc","298,374.00","0.19%","Common Stock","526107107","$147,838,349.52"
"TT","Trane Technologies PLC","378,109.00","0.19%","Common Stock","G8994E103","$147,409,574.74"
"PYPL","PayPal Holdings Inc","2,467,865.00","0.19%","Common Stock","70450Y103","$147,726,398.90"
"WDAY","Workday Inc","677,632.00","0.19%","Common Stock","98138H101","$147,716,999.68"
"TSCO","Tractor Supply Co","2,855,353.00","0.19%","Common Stock","892356106","$147,678,857.16"
"HAL","Halliburton Co","5,197,436.00","0.19%","Common Stock","406216101","$146,515,720.84"
"PFE","Pfizer Inc","5,854,654.00","0.19%","Common Stock","717081103","$147,595,827.34"
"KMB","Kimberly-Clark Corp","1,463,438.00","0.19%","Common Stock","494368103","$146,021,843.64"
"APH","Amphenol Corp","1,088,341.00","0.19%","Common Stock","032095101","$147,078,402.74"
"WELL","Welltower Inc","789,964.00","0.19%","Real Estate Investment Trust","95040Q104","$147,272,988.52"
"MCHP","Microchip Technology Inc","2,222,866.00","0.19%","Common Stock","595017104","$147,242,643.84"
"BBY","Best Buy Co Inc","2,036,353.00","0.19%","Common Stock","086516101","$145,191,968.90"
"WBD","Warner Bros Discovery Inc","5,111,169.00","0.19%","Common Stock","934423104","$146,946,108.75"
"LH","Labcorp Holdings Inc","576,074.00","0.19%","Common Stock","504922105","$146,933,434.44"
"CSCO","Cisco Systems Inc","1,880,807.00","0.19%","Common Stock","17275R102","$146,909,834.77"
"COST","Costco Wholesale Corp","172,661.00","0.19%","Common Stock","22160K105","$146,761,850"
"AAPL","Apple Inc","541,390.00","0.19%","Common Stock","037833100","$146,700,448.30"
"ROK","Rockwell Automation Inc","367,973.00","0.19%","Common Stock","773903109","$146,674,037.80"
"WDC","Western Digital Corp","829,560.00","0.19%","Common Stock","958102105","$146,633,025.60"
"AMD","Advanced Micro Devices Inc","681,714.00","0.19%","Common Stock","007903107","$146,534,424.30"
"WAT","Waters Corp","381,290.00","0.19%","Common Stock","941848103","$146,468,740.60"
"DOC","Healthpeak Properties Inc","9,076,009.00","0.19%","Real Estate Investment Trust","42250P103","$145,579,184.36"
"MDT","Medtronic PLC","1,497,841.00","0.19%","Common Stock","G5960L103","$146,354,044.11"
"OXY","Occidental Petroleum Corp","3,615,235.00","0.19%","Common Stock","674599105","$145,585,513.45"
"DLR","Digital Realty Trust Inc","946,258.00","0.19%","Real Estate Investment Trust","253868103","$145,260,065.58"
"TECH","Bio-Techne Corp","2,481,293.00","0.19%","Common Stock","09073M104","$146,297,035.28"
"MTCH","Match Group Inc","4,464,196.00","0.19%","Common Stock","57667L107","$146,291,702.92"
"IBM","International Business Machines Corp","482,766.00","0.19%","Common Stock","459200101","$146,176,717.14"
"ALGN","Align Technology Inc","917,138.00","0.19%","Common Stock","016255101","$146,081,740.64"
"SLB","SLB Ltd","3,779,921.00","0.19%","Common Stock","806857108","$144,884,371.93"
"TER","Teradyne Inc","739,826.00","0.19%","Common Stock","880770102","$145,908,483.72"
"CHTR","Charter Communications Inc","707,657.00","0.19%","Common Stock","16119P108","$145,791,495.14"
"MMM","3M Co","911,141.00","0.19%","Common Stock","88579Y101","$145,782,560"
"POOL","Pool Corp","627,380.00","0.19%","Common Stock","73278L105","$145,740,374"
"UBER","Uber Technologies Inc","1,793,399.00","0.19%","Common Stock","90353T100","$145,731,602.74"
"A","Agilent Technologies Inc","1,052,012.00","0.19%","Common Stock","00846U101","$145,724,702.24"
"MPWR","Monolithic Power Systems Inc","154,162.00","0.19%","Common Stock","609839105","$145,707,755.92"
"CCI","Crown Castle Inc","1,665,152.00","0.19%","Real Estate Investment Trust","22822V101","$143,919,087.36"
"ZBH","Zimmer Biomet Holdings Inc","1,621,430.00","0.19%","Common Stock","98956P102","$145,604,414"
"LYB","LyondellBasell Industries NV","3,337,069.00","0.19%","Common Stock","N53745100","$145,496,208.40"
"COP","ConocoPhillips","1,559,219.00","0.19%","Common Stock","20825C104","$145,490,724.89"
"ARES","Ares Management Corp","846,570.00","0.19%","Common Stock","03990B101","$144,162,405.30"
"GPC","Genuine Parts Co","1,150,108.00","0.19%","Common Stock","372460105","$143,982,020.52"
"KEYS","Keysight Technologies Inc","709,359.00","0.19%","Common Stock","49338L103","$144,503,521.89"
"AMT","American Tower Corp","837,361.00","0.19%","Real Estate Investment Trust","03027X100","$144,469,893.33"
"CLX","Clorox Co/The","1,472,197.00","0.19%","Common Stock","189054109","$144,363,637.82"
"TEL","TE Connectivity PLC","618,230.00","0.19%","Common Stock","G87052109","$144,362,887.30"
"IRM","Iron Mountain Inc","1,765,325.00","0.19%","Real Estate Investment Trust","46284V101","$143,026,631.50"
"KDP","Keurig Dr Pepper Inc","5,111,169.00","0.19%","Common Stock","49271V100","$144,339,412.56"
"QCOM","QUALCOMM Inc","828,373.00","0.19%","Common Stock","747525103","$144,319,144.06"
"DVN","Devon Energy Corp","3,929,603.00","0.19%","Common Stock","25179M103","$143,155,437.29"
"STZ","Constellation Brands Inc","1,016,320.00","0.19%","Common Stock","21036P108","$144,053,196.80"
"DOW","Dow Inc","6,138,013.00","0.19%","Common Stock","260557103","$143,752,264.46"
"TTD","Trade Desk Inc/The","3,848,438.00","0.19%","Common Stock","88339J105","$143,508,253.02"
"Q","Qnity Electronics Inc","1,750,946.00","0.19%","Common Stock","74743L100","$143,384,967.94"
"BKR","Baker Hughes Co","3,141,877.00","0.19%","Common Stock","05722G100","$143,143,916.12"
"SWKS","Skyworks Solutions Inc","2,193,498.00","0.19%","Common Stock","83088M102","$143,103,809.52"
"CAT","Caterpillar Inc","245,313.00","0.19%","Common Stock","149123101","$142,872,744.33"
"STX","Seagate Technology Holdings PLC","504,920.00","0.19%","Common Stock","G7997R103","$142,816,622"
"BLDR","Builders FirstSource Inc","1,377,411.00","0.19%","Common Stock","12008R107","$142,768,650.15"
"RVTY","Revvity Inc","1,458,191.00","0.19%","Common Stock","714046109","$142,567,334.07"
"CTRA","Coterra Energy Inc","5,585,987.00","0.19%","Common Stock","127097103","$142,554,388.24"
"AMAT","Applied Materials Inc","548,554.00","0.19%","Common Stock","038222105","$142,080,971.54"
"CDNS","Cadence Design Systems Inc","446,520.00","0.19%","Common Stock","127387108","$141,801,356.40"
"GLW","Corning Inc","1,602,267.00","0.19%","Common Stock","219350105","$141,640,402.80"
"DDOG","Datadog Inc","998,184.00","0.19%","Common Stock","23804L103","$141,582,418.56"
"PWR","Quanta Services Inc","326,590.00","0.19%","Common Stock","74762E102","$141,423,267.70"
"DHI","DR Horton Inc","972,057.00","0.18%","Common Stock","23331A109","$141,317,646.66"
"EQT","EQT Corp","2,636,448.00","0.18%","Common Stock","26884L109","$141,049,968"
"NRG","NRG Energy Inc","897,555.00","0.18%","Common Stock","629377508","$140,880,232.80"
"PHM","PulteGroup Inc","1,180,114.00","0.18%","Common Stock","745867101","$140,563,378.54"
"BF/B","Brown-Forman Corp","4,968,203.00","0.18%","Common Stock","115637209","$139,606,504.30"
"CDW","CDW Corp/DE","1,009,299.00","0.18%","Common Stock","12514G108","$140,802,257"
"FIX","Comfort Systems USA Inc","147,751.00","0.18%","Common Stock","199908104","$140,480,173.29"
"CRWD","Crowdstrike Holdings Inc","290,565.00","0.18%","Common Stock","22788C105","$140,383,574.10"
"VLO","Valero Energy Corp","857,570.00","0.18%","Common Stock","91913Y100","$140,255,573.50"
"NTAP","NetApp Inc","1,264,247.00","0.18%","Common Stock","64110D104","$140,204,992.30"
"KKR","KKR & Co Inc","1,066,401.00","0.18%","Common Stock","48251W104","$140,146,419.42"
"EOG","EOG Resources Inc","1,354,474.00","0.18%","Common Stock","26875P101","$140,079,701.08"
"PSKY","Paramount Skydance Corp","10,253,683.00","0.18%","Common Stock","69932A204","$139,552,625.63"
"APA","APA Corp","5,734,527.00","0.18%","Common Stock","03743Q108","$139,979,804.07"
"CVNA","Carvana Co","322,766.00","0.18%","Common Stock","146869102","$139,948,109.94"
"FANG","Diamondback Energy Inc","941,698.00","0.18%","Common Stock","25278X109","$139,804,485.08"
"EXE","Expand Energy Corp","1,293,469.00","0.18%","Common Stock","165167735","$139,487,696.96"
"HPQ","HP Inc","5,921,346.00","0.18%","Common Stock","40434L105","$137,197,586.82"
"ZBRA","Zebra Technologies Corp","556,362.00","0.18%","Common Stock","989207105","$138,745,555.56"
"NOW","ServiceNow Inc","884,097.00","0.18%","Common Stock","81762P102","$138,520,317.96"
"GEV","GE Vernova Inc","208,800.00","0.18%","Common Stock","36828A101","$138,185,928"
"ETN","Eaton Corp PLC","427,021.00","0.18%","Common Stock","G29183103","$136,813,258.19"
"HOOD","Robinhood Markets Inc","1,112,642.00","0.18%","Common Stock","770700102","$136,154,001.54"
"COIN","Coinbase Global Inc","548,674.00","0.18%","Common Stock","19260Q107","$136,016,284.60"
"DELL","Dell Technologies Inc","1,073,322.00","0.18%","Common Stock","24703L202","$135,893,298.42"
"PSX","Phillips 66","1,049,518.00","0.18%","Common Stock","718546104","$135,377,326.82"
"INTC","Intel Corp","3,701,132.00","0.18%","Common Stock","458140100","$134,610,170.84"
"LEN","Lennar Corp","1,257,486.00","0.18%","Common Stock","526057104","$134,538,427.14"
"SMCI","Super Micro Computer Inc","4,324,704.00","0.18%","Common Stock","86800U302","$134,368,553.28"
"ORCL","Oracle Corp","676,839.00","0.18%","Common Stock","68389X105","$134,271,320.82"
"NKE","NIKE Inc","2,294,137.00","0.17%","Common Stock","654106103","$131,270,519.14"
"MPC","Marathon Petroleum Corp","789,011.00","0.17%","Common Stock","56585A102","$130,005,342.47"
"GNRC","Generac Holdings Inc","906,149.00","0.17%","Common Stock","368736104","$126,906,167.45"
"AVGO","Broadcom Inc","365,525.00","0.16%","Common Stock","11135F101","$124,808,511.25"
"NWSA","News Corp","4,210,036.00","0.14%","Common Stock","65249B109","$110,597,645.72"
"LW","Lamb Weston Holdings Inc","2,559,120.00","0.14%","Common Stock","513272104","$109,530,336"
"FOXA","Fox Corp","1,290,904.00","0.12%","Common Stock","35137L105","$95,036,352.48"
"GOOGL","Alphabet Inc","261,653.00","0.11%","Common Stock","02079K305","$81,054,866.34"
"GOOG","Alphabet Inc","209,195.00","0.09%","Common Stock","02079K107","$65,128,679.35"
"FOX","Fox Corp","919,570.00","0.08%","Common Stock","35137L204","$59,358,243.50"
"NWS","News Corp","1,387,817.00","0.05%","Common Stock","65249B208","$41,481,850.13"
"--","CASH COLLATERAL","36,627,743.31","0.05%","Currency Collateral","FUTPLGCSH","$36,627,743.31"
"--","--","1.00","0.00%","Uninvestible Cash","BNYMLEND","$0.01"
"USD","CASH & EQUIVALENTS","-470,870.78","0.00%","Currency","CASHUSD00","-$470,870.78"
"--","E-mini S&P 500 Equal Weight Futures","-940.00","-0.19%","Synthetic Cash","--","-$148,454,200"

# as of 2025-12-22